system_size,mat_size,buf_size,num_state_mat,cpu_enabled,gpu_enabled,exe_mode,cons_lat_avg,e2e_lat_avg,goodput
5,512,8,5,1,1,DAG,3.00785,6.01569,0.000865867
5,512,16,5,1,1,DAG,3.01036,6.02071,0.000932
5,512,32,5,1,1,DAG,3.00553,6.01107,0.000998133
5,512,64,5,1,1,DAG,3.0085,6.017,0.00106
5,512,128,5,1,1,DAG,3.09056,6.18111,0.00118133
5,512,256,5,1,1,DAG,3.00789,6.01579,0.0012496
5,512,512,5,1,1,DAG,3.1604,6.3208,0.00131787
