system_size,mat_size,buf_size,num_state_mat,cpu_enabled,gpu_enabled,exe_mode,cons_lat_avg,e2e_lat_avg,goodput
5,128,64,5,0,1,DAG,2.99551,5.99102,0.0233549
5,256,64,5,0,1,DAG,2.99573,5.99146,0.0152629
5,512,64,5,0,1,DAG,3.00105,6.0021,0.0039128
5,1024,64,5,0,1,DAG,2.94112,5.88224,0.00112587
5,2048,64,5,0,1,DAG,2.8576,5.7152,0.0003328
