system_size,mat_size,buf_size,num_state_mat,cpu_enabled,gpu_enabled,exe_mode,cons_lat_avg,e2e_lat_avg,goodput
5,512,64,1,1,1,DAG,3.00978,6.01956,0.00119413
5,512,64,2,1,1,DAG,3.00689,6.01378,0.00119413
5,512,64,3,1,1,DAG,3.01128,6.02256,0.00119413
5,512,64,4,1,1,DAG,3.17778,6.35556,0.00119413
5,512,64,5,1,1,DAG,3.00941,6.01882,0.00112587
